Animasyon,5.669032
Bilim Kurgu,5.668
Aksiyon,5.666666
Komedi,5.5712
Gerilim,5.507203
Romantik,5.505161
Dram,5.438647
Belgesel,5.394222
Fantastik,5.36151
Korku,4.886466
